Unnamed: 0,gene_mean_exp
ENSG00000000971.17,14.443179252643322
ENSG00000000419.14,10.6393703773516
ENSG00000001084.13,10.523179407404816
ENSG00000001036.14,9.937123278396218
ENSG00000001167.15,9.040502031917722
